{
    "author": {
        "att": {
            "id": {
                "att_desc": "",
                "att_key": "id",
                "att_val": {
                    "bk101": "book.xml"
                },
                "check_img": {},
                "file_name": "book.xml",
                "pdf_img": {},
                "prod": "book",
                "xml_img": {}
            },
            "id1": {
                "att_desc": "",
                "att_key": "id1",
                "att_val": {
                    "bk101": "book.xml"
                },
                "check_img": {},
                "file_name": "book.xml",
                "pdf_img": {},
                "prod": "book",
                "xml_img": {}
            }
        },
        "cat": [
            "used"
        ],
        "check_img": {},
        "file_name": "book.xml",
        "link": "",
        "map_tag": "",
        "pdf_img": {},
        "prod": "book",
        "tag": "author",
        "tag_desc": "",
        "xml_img": {},
        "xpath": {
            "catalog/book/author": "book.xml"
        }
    },
    "body": {
        "att": {},
        "cat": [],
        "check_img": {},
        "file_name": "book.xml",
        "link": "",
        "map_tag": "",
        "pdf_img": {},
        "prod": "book",
        "tag": "body",
        "tag_desc": "",
        "xml_img": {},
        "xpath": {
            "catalog/book/note/body": "book.xml"
        }
    },
    "book": {
        "att": {
            "id": {
                "att_desc": "",
                "att_key": "id",
                "att_val": {
                    "bk101": "book.xml",
                    "bk102": "book.xml",
                    "bk103": "book.xml"
                },
                "check_img": {},
                "file_name": "book.xml",
                "pdf_img": {},
                "prod": "book",
                "xml_img": {}
            }
        },
        "cat": [],
        "check_img": {},
        "file_name": "book.xml",
        "link": "",
        "map_tag": "",
        "pdf_img": {},
        "prod": "book",
        "tag": "book",
        "tag_desc": "",
        "xml_img": {},
        "xpath": {
            "catalog/book": "book.xml"
        }
    },
    "catalog": {
        "att": {},
        "cat": [],
        "check_img": {},
        "file_name": "book.xml",
        "link": "",
        "map_tag": "",
        "pdf_img": {},
        "prod": "book",
        "tag": "catalog",
        "tag_desc": "",
        "xml_img": {},
        "xpath": {
            "catalog": "book.xml"
        }
    },
    "description": {
        "att": {},
        "cat": [],
        "check_img": {},
        "file_name": "book.xml",
        "link": "",
        "map_tag": "",
        "pdf_img": {},
        "prod": "book",
        "tag": "description",
        "tag_desc": "",
        "xml_img": {},
        "xpath": {
            "catalog/book/description": "book.xml"
        }
    },
    "from": {
        "att": {},
        "cat": [],
        "check_img": {},
        "file_name": "book.xml",
        "link": "",
        "map_tag": "",
        "pdf_img": {},
        "prod": "book",
        "tag": "from",
        "tag_desc": "",
        "xml_img": {},
        "xpath": {
            "catalog/book/note/from": "book.xml"
        }
    },
    "genre": {
        "att": {},
        "cat": [],
        "check_img": {},
        "file_name": "book.xml",
        "link": "",
        "map_tag": "",
        "pdf_img": {},
        "prod": "book",
        "tag": "genre",
        "tag_desc": "",
        "xml_img": {},
        "xpath": {
            "catalog/book/genre": "book.xml"
        }
    },
    "heading": {
        "att": {},
        "cat": [],
        "check_img": {},
        "file_name": "book.xml",
        "link": "",
        "map_tag": "",
        "pdf_img": {},
        "prod": "book",
        "tag": "heading",
        "tag_desc": "",
        "xml_img": {},
        "xpath": {
            "catalog/book/note/heading": "book.xml"
        }
    },
    "note": {
        "att": {
            "id": {
                "att_desc": "",
                "att_key": "id",
                "att_val": {
                    "502": "book.xml"
                },
                "check_img": {},
                "file_name": "book.xml",
                "pdf_img": {},
                "prod": "book",
                "xml_img": {}
            }
        },
        "cat": [],
        "check_img": {},
        "file_name": "book.xml",
        "link": "",
        "map_tag": "",
        "pdf_img": {},
        "prod": "book",
        "tag": "note",
        "tag_desc": "",
        "xml_img": {},
        "xpath": {
            "catalog/book/note": "book.xml"
        }
    },
    "price": {
        "att": {},
        "cat": [],
        "check_img": {},
        "file_name": "book.xml",
        "link": "",
        "map_tag": "",
        "pdf_img": {},
        "prod": "book",
        "tag": "price",
        "tag_desc": "",
        "xml_img": {},
        "xpath": {
            "catalog/book/price": "book.xml"
        }
    },
    "publish_date": {
        "att": {},
        "cat": [],
        "check_img": {},
        "file_name": "book.xml",
        "link": "",
        "map_tag": "",
        "pdf_img": {},
        "prod": "book",
        "tag": "publish_date",
        "tag_desc": "",
        "xml_img": {},
        "xpath": {
            "catalog/book/publish_date": "book.xml"
        }
    },
    "sak": {
        "att": {},
        "cat": [],
        "check_img": {},
        "file_name": "book.xml",
        "link": "",
        "map_tag": "",
        "pdf_img": {},
        "prod": "book",
        "tag": "sak",
        "tag_desc": "",
        "xml_img": {},
        "xpath": {
            "catalog/book/author/sak": "book.xml"
        }
    },
    "title": {
        "att": {},
        "cat": [],
        "check_img": {},
        "file_name": "book.xml",
        "link": "",
        "map_tag": "",
        "pdf_img": {},
        "prod": "book",
        "tag": "title",
        "tag_desc": "",
        "xml_img": {},
        "xpath": {
            "catalog/book/title": "book.xml"
        }
    },
    "to": {
        "att": {},
        "cat": [],
        "check_img": {},
        "file_name": "book.xml",
        "link": "",
        "map_tag": "",
        "pdf_img": {},
        "prod": "book",
        "tag": "to",
        "tag_desc": "",
        "xml_img": {},
        "xpath": {
            "catalog/book/note/to": "book.xml"
        }
    }
}