<?xml version="1.0" encoding="UTF-8"?>
<configuration>
    <include resource="org/springframework/boot/logging/logback/defaults.xml" />

    <springProfile name="dev,qa,sat">
        <appender name="CONSOLE" class="ch.qos.logback.core.ConsoleAppender">
            <layout class="ch.qos.logback.classic.PatternLayout">
                <Pattern>
                    %d{yyyy-MM-dd HH:mm:ss.SSS} [%t] %-5level %logger{36} - %msg%n
                </Pattern>
            </layout>
        </appender>


        <root level="INFO">
            <appender-ref ref="CONSOLE"/>
        </root>

    </springProfile>
    <logger name="com.thomsonreuters.einv.api.config" level="ERROR" additivity="false">
        <appender-ref ref="CONSOLE"/>
    </logger>
    <logger name="com.thomsonreuters.einv.api" level="INFO" additivity="false">
        <appender-ref ref="CONSOLE"/>
    </logger>

</configuration>