<application>
  <component name="FileTypeManager" version="18">
    <extensionMap>
      <mapping ext="csv" type="PLAIN_TEXT" />
      <mapping ext="sch" type="PLAIN_TEXT" />
      <mapping ext="ddl" type="SQL" />
      <removed_mapping ext="apk" approved="true" type="ARCHIVE" />
      <removed_mapping ext="ddl" approved="true" type="DBN-SQL" />
      <removed_mapping ext="psd" approved="true" type="Image" />
      <removed_mapping ext="sql" approved="true" type="DBN-SQL" />
      <mapping ext="ddl" type="SQL" />
      <mapping ext="sql" type="SQL" />
    </extensionMap>
  </component>
</application>