<application>
  <component name="ProjectManager">
    <defaultProject>
      <component name="ProjectViewState">
        <option name="hideEmptyMiddlePackages" value="true" />
        <option name="showLibraryContents" value="true" />
      </component>
      <component name="PropertiesComponent"><![CDATA[{
  "keyToString": {
    "last_opened_file_path": "C:/Users/c282465/OneDrive - Thomson Reuters Incorporated/Documents/bin/java/proj2/new1"
  }
}]]></component>
      <component name="WindowStateProjectService">
        <state x="398" y="86" key="FileChooserDialogImpl" timestamp="1688622106310">
          <screen x="0" y="0" width="1536" height="824" />
        </state>
        <state x="332" y="71" key="FileChooserDialogImpl/0.0.1280.680" timestamp="1687954669606" />
        <state x="398" y="86" key="FileChooserDialogImpl/0.0.1536.824" timestamp="1688622106310" />
      </component>
    </defaultProject>
  </component>
</application>