<keymap version="1" name="Windows copy" parent="$default">
  <action id="ActivateBookmarksToolWindow" />
  <action id="ActivateDebugToolWindow" />
  <action id="ActivateFindToolWindow" />
  <action id="ActivateProjectToolWindow" />
  <action id="ActivateRunToolWindow" />
  <action id="Adtui.ZoomToActualAction">
    <keyboard-shortcut first-keystroke="ctrl numpad0" />
  </action>
  <action id="Android.Designer.AutoArrange" />
  <action id="Arrangement.Rule.Group.Condition.Move.Up" />
  <action id="Arrangement.Rule.Match.Condition.Move.Up" />
  <action id="CWMHostShowPopupAction" />
  <action id="CloseAllEditors">
    <keyboard-shortcut first-keystroke="alt w" />
  </action>
  <action id="CloseAllEditorsButActive">
    <keyboard-shortcut first-keystroke="alt 2" />
  </action>
  <action id="CloseAllToTheLeft">
    <keyboard-shortcut first-keystroke="alt 1" />
  </action>
  <action id="CloseAllToTheRight">
    <keyboard-shortcut first-keystroke="alt 3" />
  </action>
  <action id="CloseProject">
    <keyboard-shortcut first-keystroke="alt c" />
  </action>
  <action id="Coverage">
    <keyboard-shortcut first-keystroke="ctrl 8" />
  </action>
  <action id="ExpandAllToLevel">
    <keyboard-shortcut first-keystroke="alt e" />
  </action>
  <action id="ExportToTextFile" />
  <action id="ExpressionTypeInfo" />
  <action id="ExternalSystem.ProjectRefreshAction" />
  <action id="FileChooserList.Root" />
  <action id="FindNext">
    <keyboard-shortcut first-keystroke="f3" />
  </action>
  <action id="ForceOthersToFollowAction" />
  <action id="FullyExpandTreeNode" />
  <action id="Git.Branches">
    <keyboard-shortcut first-keystroke="divide" />
  </action>
  <action id="Git.Fetch">
    <keyboard-shortcut first-keystroke="shift ctrl o" />
  </action>
  <action id="Git.Pull">
    <keyboard-shortcut first-keystroke="multiply" />
    <keyboard-shortcut first-keystroke="shift ctrl p" />
  </action>
  <action id="GotoBookmark0" />
  <action id="GotoBookmark8" />
  <action id="GotoBookmark9" />
  <action id="Images.Editor.ToggleGrid" />
  <action id="MaximizeToolWindow" />
  <action id="MethodUp" />
  <action id="NewClass">
    <keyboard-shortcut first-keystroke="f9" />
    <keyboard-shortcut first-keystroke="alt up" />
  </action>
  <action id="NewDir">
    <keyboard-shortcut first-keystroke="alt d" />
  </action>
  <action id="NewFromTemplate">
    <keyboard-shortcut first-keystroke="alt o" />
  </action>
  <action id="PreviousTab" />
  <action id="RecentChangedFiles">
    <keyboard-shortcut first-keystroke="alt f" />
  </action>
  <action id="RecentFiles" />
  <action id="RestartIde">
    <keyboard-shortcut first-keystroke="alt r" />
  </action>
  <action id="Resume" />
  <action id="RevealIn">
    <keyboard-shortcut first-keystroke="shift ctrl y" />
  </action>
  <action id="Run">
    <keyboard-shortcut first-keystroke="shift f10" />
    <keyboard-shortcut first-keystroke="ctrl 9" />
  </action>
  <action id="SaveAsTemplate">
    <keyboard-shortcut first-keystroke="semicolon" />
  </action>
  <action id="SaveFileAsTemplate">
    <keyboard-shortcut first-keystroke="alt t" />
  </action>
  <action id="SelectInProjectView">
    <keyboard-shortcut first-keystroke="alt left" />
  </action>
  <action id="ShowSettings">
    <keyboard-shortcut first-keystroke="alt s" />
  </action>
  <action id="SplitVertically">
    <keyboard-shortcut first-keystroke="ctrl back_slash" />
  </action>
  <action id="StepOver" />
  <action id="Stop">
    <keyboard-shortcut first-keystroke="ctrl f2" />
    <keyboard-shortcut first-keystroke="ctrl 0" />
  </action>
  <action id="StringManipulation.SwitchStyleAction">
    <keyboard-shortcut first-keystroke="alt u" />
  </action>
  <action id="StringManipulation.ToSnakeCaseOrCamelCase">
    <keyboard-shortcut first-keystroke="ctrl l" />
  </action>
  <action id="SwitcherIterateItems" />
  <action id="SwitcherRecentEditedChangedToggleCheckBox">
    <keyboard-shortcut first-keystroke="alt f" />
  </action>
  <action id="Terminal.ClearBuffer" />
  <action id="UnsplitAll">
    <keyboard-shortcut first-keystroke="alt 5" />
  </action>
  <action id="Vcs.Log.FocusTextFilter" />
</keymap>