<keymap version="1" name="Windows copy Proper Redo" parent="$default">
  <action id="$Redo">
    <keyboard-shortcut first-keystroke="shift ctrl z" />
    <keyboard-shortcut first-keystroke="shift alt back_space" />
    <keyboard-shortcut first-keystroke="ctrl y" />
  </action>
  <action id="CWMHostShowPopupAction" />
  <action id="EditorContextInfo" />
  <action id="EditorDeleteLine" />
  <action id="EditorToggleInsertState">
    <keyboard-shortcut first-keystroke="alt equals" />
  </action>
  <action id="ExpandAllToLevel">
    <keyboard-shortcut first-keystroke="alt e" />
  </action>
  <action id="GenerateJavadoc">
    <keyboard-shortcut first-keystroke="alt q" />
  </action>
  <action id="Markdown.Insert" />
  <action id="NewElement">
    <keyboard-shortcut first-keystroke="alt insert" />
    <keyboard-shortcut first-keystroke="alt i" />
  </action>
  <action id="RevealIn">
    <keyboard-shortcut first-keystroke="shift ctrl y" />
  </action>
</keymap>