{
	"info": {
		"_postman_id": "b2cb16a5-65e6-4801-a3e6-0c3c4e49420b",
		"name": "dmt-api",
		"schema": "https://schema.getpostman.com/json/collection/v2.1.0/collection.json",
		"_exporter_id": "5663690"
	},
	"item": [
		{
			"name": "dir-maker",
			"request": {
				"method": "POST",
				"header": [],
				"body": {
					"mode": "raw",
					"raw": "{\r\n    \"folder_name\": [\r\n        \"deskbook\"\r\n    ],\r\n    \"loc\":\"{{loc}}\"\r\n}",
					"options": {
						"raw": {
							"language": "json"
						}
					}
				},
				"url": {
					"raw": "http://127.0.0.1:5000/dir-maker",
					"protocol": "http",
					"host": [
						"127",
						"0",
						"0",
						"1"
					],
					"port": "5000",
					"path": [
						"dir-maker"
					]
				}
			},
			"response": []
		},
		{
			"name": "xml-chunk",
			"request": {
				"method": "POST",
				"header": [],
				"body": {
					"mode": "raw",
					"raw": "{\r\n    \"ct\": \"{{ct}}\",\r\n    \"tag_selected\": {\r\n        \"book\": 1\r\n    },\r\n    \"loc\": \"{{loc}}\",\r\n    \"all-dir\": false,\r\n    \"prod_names\": [\"65\"]\r\n}",
					"options": {
						"raw": {
							"language": "json"
						}
					}
				},
				"url": {
					"raw": "http://127.0.0.1:5000/xml-chunk",
					"protocol": "http",
					"host": [
						"127",
						"0",
						"0",
						"1"
					],
					"port": "5000",
					"path": [
						"xml-chunk"
					]
				}
			},
			"response": []
		},
		{
			"name": "xml-chunk-root",
			"request": {
				"method": "POST",
				"header": [],
				"body": {
					"mode": "raw",
					"raw": "{\r\n    \"loc\": \"{{loc}}\",\r\n    \"ct\": \"{{ct}}\",\r\n    \"ls_tag\": [\r\n        \"BookData\"\r\n    ],\r\n    \"all-dir\": false,\r\n    \"prod_names\": [\r\n        \"65\"\r\n    ]\r\n}",
					"options": {
						"raw": {
							"language": "json"
						}
					}
				},
				"url": {
					"raw": "http://127.0.0.1:5000/xml-chunk-root",
					"protocol": "http",
					"host": [
						"127",
						"0",
						"0",
						"1"
					],
					"port": "5000",
					"path": [
						"xml-chunk-root"
					]
				}
			},
			"response": []
		},
		{
			"name": "data-dic-add-col",
			"request": {
				"method": "POST",
				"header": [],
				"body": {
					"mode": "raw",
					"raw": "{\r\n    \"ct\": \"{{ct}}\",\r\n    \"loc\": \"{{loc}}\"\r\n}",
					"options": {
						"raw": {
							"language": "json"
						}
					}
				},
				"url": {
					"raw": "http://127.0.0.1:5000/data-dic-add-col",
					"protocol": "http",
					"host": [
						"127",
						"0",
						"0",
						"1"
					],
					"port": "5000",
					"path": [
						"data-dic-add-col"
					]
				}
			},
			"response": []
		},
		{
			"name": "convert-dd-to-tm",
			"request": {
				"method": "POST",
				"header": [],
				"body": {
					"mode": "raw",
					"raw": "{\r\n    \"ct\": \"{{ct}}\",\r\n    \"loc\": \"{{loc}}\"\r\n}",
					"options": {
						"raw": {
							"language": "json"
						}
					}
				},
				"url": {
					"raw": "http://127.0.0.1:5000/convert-dd-to-tm",
					"protocol": "http",
					"host": [
						"127",
						"0",
						"0",
						"1"
					],
					"port": "5000",
					"path": [
						"convert-dd-to-tm"
					]
				}
			},
			"response": []
		},
		{
			"name": "convert-tm-to-dd",
			"request": {
				"method": "POST",
				"header": [],
				"body": {
					"mode": "raw",
					"raw": "{\r\n    \"ct\": \"{{ct}}\",\r\n    \"loc\": \"{{loc}}\"\r\n}",
					"options": {
						"raw": {
							"language": "json"
						}
					}
				},
				"url": {
					"raw": "http://127.0.0.1:5000/convert-tm-to-dd",
					"protocol": "http",
					"host": [
						"127",
						"0",
						"0",
						"1"
					],
					"port": "5000",
					"path": [
						"convert-tm-to-dd"
					]
				}
			},
			"response": []
		},
		{
			"name": "map-xpath",
			"request": {
				"method": "POST",
				"header": [],
				"body": {
					"mode": "raw",
					"raw": "{\r\n    \"ct\": \"{{ct}}\",\r\n    \"loc\": \"{{loc}}\",\r\n    \"file_name\": \"{{ct}}\",\r\n    \"sn\": \"65\"\r\n}",
					"options": {
						"raw": {
							"language": "json"
						}
					}
				},
				"url": {
					"raw": "http://127.0.0.1:5000/map-xpath",
					"protocol": "http",
					"host": [
						"127",
						"0",
						"0",
						"1"
					],
					"port": "5000",
					"path": [
						"map-xpath"
					]
				}
			},
			"response": []
		},
		{
			"name": "map-tag",
			"request": {
				"method": "POST",
				"header": [],
				"body": {
					"mode": "raw",
					"raw": "{\r\n    \"ct\": \"{{ct}}\",\r\n    \"loc\": \"{{loc}}\"\r\n}",
					"options": {
						"raw": {
							"language": "json"
						}
					}
				},
				"url": {
					"raw": "http://127.0.0.1:5000/map-tag",
					"protocol": "http",
					"host": [
						"127",
						"0",
						"0",
						"1"
					],
					"port": "5000",
					"path": [
						"map-tag"
					]
				}
			},
			"response": []
		},
		{
			"name": "fill-feat",
			"request": {
				"method": "POST",
				"header": [],
				"body": {
					"mode": "raw",
					"raw": "{\r\n    \"loc\": \"{{loc}}\",\r\n    \"ct\": \"{{ct}}\"\r\n}",
					"options": {
						"raw": {
							"language": "json"
						}
					}
				},
				"url": {
					"raw": "http://127.0.0.1:5000/fill-feat",
					"protocol": "http",
					"host": [
						"127",
						"0",
						"0",
						"1"
					],
					"port": "5000",
					"path": [
						"fill-feat"
					]
				}
			},
			"response": []
		},
		{
			"name": "fill-comp-style",
			"request": {
				"method": "POST",
				"header": [],
				"body": {
					"mode": "raw",
					"raw": "{\r\n    \"loc\": \"{{loc}}\",\r\n    \"ct\": \"{{ct}}\"\r\n}",
					"options": {
						"raw": {
							"language": "json"
						}
					}
				},
				"url": {
					"raw": "http://127.0.0.1:5000/fill-comp-style",
					"protocol": "http",
					"host": [
						"127",
						"0",
						"0",
						"1"
					],
					"port": "5000",
					"path": [
						"fill-comp-style"
					]
				}
			},
			"response": []
		},
		{
			"name": "fill-phase",
			"request": {
				"method": "POST",
				"header": [],
				"body": {
					"mode": "raw",
					"raw": "{\r\n  \"loc\": \"{{loc}}\",\r\n  \"ct\": \"{{ct}}\",\r\n  \"alpha_no\": 1\r\n}",
					"options": {
						"raw": {
							"language": "json"
						}
					}
				},
				"url": {
					"raw": "http://127.0.0.1:5000/fill-phase",
					"protocol": "http",
					"host": [
						"127",
						"0",
						"0",
						"1"
					],
					"port": "5000",
					"path": [
						"fill-phase"
					]
				}
			},
			"response": []
		},
		{
			"name": "master-tag",
			"request": {
				"method": "POST",
				"header": [],
				"body": {
					"mode": "raw",
					"raw": "{\r\n    \"ct\": \"{{ct}}\",\r\n    \"loc\": \"{{loc}}\",\r\n    \"all-dir\": true,\r\n    \"prod\": [\"990\"]\r\n}",
					"options": {
						"raw": {
							"language": "json"
						}
					}
				},
				"url": {
					"raw": "http://127.0.0.1:5000/master-tag",
					"protocol": "http",
					"host": [
						"127",
						"0",
						"0",
						"1"
					],
					"port": "5000",
					"path": [
						"master-tag"
					]
				}
			},
			"response": []
		},
		{
			"name": "master-att",
			"request": {
				"method": "POST",
				"header": [],
				"body": {
					"mode": "raw",
					"raw": "{\r\n    \"ct\": \"{{ct}}\",\r\n    \"loc\": \"{{loc}}\",\r\n    \"all-dir\": true,\r\n    \"prod\": [\"990\"]\r\n}",
					"options": {
						"raw": {
							"language": "json"
						}
					}
				},
				"url": {
					"raw": "http://127.0.0.1:5000/master-att",
					"protocol": "http",
					"host": [
						"127",
						"0",
						"0",
						"1"
					],
					"port": "5000",
					"path": [
						"master-att"
					]
				}
			},
			"response": []
		},
		{
			"name": "master-pc",
			"request": {
				"method": "POST",
				"header": [],
				"body": {
					"mode": "raw",
					"raw": "{\r\n    \"ct\": \"{{ct}}\",\r\n    \"loc\": \"{{loc}}\",\r\n    \"all-dir\": true,\r\n    \"prod\": [\"990\"]\r\n}",
					"options": {
						"raw": {
							"language": "json"
						}
					}
				},
				"url": {
					"raw": "http://127.0.0.1:5000/master-pc",
					"protocol": "http",
					"host": [
						"127",
						"0",
						"0",
						"1"
					],
					"port": "5000",
					"path": [
						"master-pc"
					]
				}
			},
			"response": []
		},
		{
			"name": "master-xpath",
			"request": {
				"method": "POST",
				"header": [],
				"body": {
					"mode": "raw",
					"raw": "{\r\n    \"ct\": \"{{ct}}\",\r\n    \"loc\": \"{{loc}}\",\r\n    \"all-dir\": true,\r\n    \"prod\": [\"990\"]\r\n}",
					"options": {
						"raw": {
							"language": "json"
						}
					}
				},
				"url": {
					"raw": "http://127.0.0.1:5000/master-xpath",
					"protocol": "http",
					"host": [
						"127",
						"0",
						"0",
						"1"
					],
					"port": "5000",
					"path": [
						"master-xpath"
					]
				}
			},
			"response": []
		},
		{
			"name": "delete-prod",
			"event": [
				{
					"listen": "test",
					"script": {
						"exec": [
							""
						],
						"type": "text/javascript"
					}
				}
			],
			"request": {
				"method": "POST",
				"header": [],
				"body": {
					"mode": "raw",
					"raw": "{\r\n    \"loc\": \"{{loc}}\",\r\n    \"prod_name\": [\"65\", \"990\"]\r\n}",
					"options": {
						"raw": {
							"language": "json"
						}
					}
				},
				"url": {
					"raw": "http://127.0.0.1:5000/delete-prod",
					"protocol": "http",
					"host": [
						"127",
						"0",
						"0",
						"1"
					],
					"port": "5000",
					"path": [
						"delete-prod"
					]
				}
			},
			"response": []
		},
		{
			"name": "delete-ct",
			"event": [
				{
					"listen": "test",
					"script": {
						"exec": [
							""
						],
						"type": "text/javascript"
					}
				}
			],
			"request": {
				"method": "POST",
				"header": [],
				"body": {
					"mode": "raw",
					"raw": "{\r\n    \"loc\": \"{{loc}}\",\r\n    \"ct\": [\"deskbook\"],\r\n    \"mt\": \"tag\"\r\n}",
					"options": {
						"raw": {
							"language": "json"
						}
					}
				},
				"url": {
					"raw": "http://127.0.0.1:5000/delete-ct",
					"protocol": "http",
					"host": [
						"127",
						"0",
						"0",
						"1"
					],
					"port": "5000",
					"path": [
						"delete-ct"
					]
				}
			},
			"response": []
		},
		{
			"name": "export",
			"event": [
				{
					"listen": "test",
					"script": {
						"exec": [
							""
						],
						"type": "text/javascript"
					}
				}
			],
			"request": {
				"method": "POST",
				"header": [],
				"body": {
					"mode": "raw",
					"raw": "{\r\n    \"ct\": \"{{ct}}\",\r\n    \"tb_name\": \"tb_tag_master\",\r\n    \"loc\": \"{{loc}}\"\r\n}",
					"options": {
						"raw": {
							"language": "json"
						}
					}
				},
				"url": {
					"raw": "http://127.0.0.1:5000/export",
					"protocol": "http",
					"host": [
						"127",
						"0",
						"0",
						"1"
					],
					"port": "5000",
					"path": [
						"export"
					]
				}
			},
			"response": []
		}
	]
}