<sak>
    <note>
        <to>Tove</to>
        <from>Jani</from>
        <heading>
            <note>
                <to>2Tove1</to>
                <from1>2Jani1</from1>
                <heading>21Reminder</heading>
                <body>21Don't forget me this weekend!</body>
            </note>
        </heading>
        <body>Don't forget me this weekend!</body>
    </note>
    <note>
        <to>Tove1</to>
        <from>Jani1</from>
        <heading>1Reminder</heading>
        <body>1Don't forget me this weekend!</body>
    </note>
</sak>