{
	"info": {
		"_postman_id": "43ea7934-a371-4a20-a873-86d100198329",
		"name": "dmt-api-df",
		"schema": "https://schema.getpostman.com/json/collection/v2.1.0/collection.json",
		"_exporter_id": "5663690"
	},
	"item": [
		{
			"name": "dir-maker",
			"request": {
				"method": "POST",
				"header": [],
				"body": {
					"mode": "raw",
					"raw": "{\r\n    \"folder_name\": [\r\n        \"cat\"\r\n    ],\r\n    \"loc\":\"{{loc}}\"\r\n}",
					"options": {
						"raw": {
							"language": "json"
						}
					}
				},
				"url": {
					"raw": "http://127.0.0.1:5000/dir-maker",
					"protocol": "http",
					"host": [
						"127",
						"0",
						"0",
						"1"
					],
					"port": "5000",
					"path": [
						"dir-maker"
					]
				}
			},
			"response": []
		},
		{
			"name": "fill-tm-by-dd",
			"request": {
				"method": "POST",
				"header": [],
				"body": {
					"mode": "raw",
					"raw": "{\r\n    \"ct\": \"{{ct}}\",\r\n    \"loc\": \"{{loc}}\"\r\n}",
					"options": {
						"raw": {
							"language": "json"
						}
					}
				},
				"url": {
					"raw": "http://127.0.0.1:5000/fill-tm-by-dd",
					"protocol": "http",
					"host": [
						"127",
						"0",
						"0",
						"1"
					],
					"port": "5000",
					"path": [
						"fill-tm-by-dd"
					]
				}
			},
			"response": []
		},
		{
			"name": "map-xpath",
			"request": {
				"method": "POST",
				"header": [],
				"body": {
					"mode": "raw",
					"raw": "{\r\n    \"ct\": \"{{ct}}\",\r\n    \"loc\": \"{{loc}}\",\r\n    \"file_name\": \"deskbook_dm\",\r\n    \"sn\": \"Sheet1\"\r\n}",
					"options": {
						"raw": {
							"language": "json"
						}
					}
				},
				"url": {
					"raw": "http://127.0.0.1:5000/map-xpath",
					"protocol": "http",
					"host": [
						"127",
						"0",
						"0",
						"1"
					],
					"port": "5000",
					"path": [
						"map-xpath"
					]
				}
			},
			"response": []
		},
		{
			"name": "map-tag",
			"request": {
				"method": "POST",
				"header": [],
				"body": {
					"mode": "raw",
					"raw": "{\r\n    \"ct\": \"{{ct}}\",\r\n    \"loc\": \"{{loc}}\"\r\n}",
					"options": {
						"raw": {
							"language": "json"
						}
					}
				},
				"url": {
					"raw": "http://127.0.0.1:5000/map-tag",
					"protocol": "http",
					"host": [
						"127",
						"0",
						"0",
						"1"
					],
					"port": "5000",
					"path": [
						"map-tag"
					]
				}
			},
			"response": []
		},
		{
			"name": "fill-feat",
			"request": {
				"method": "POST",
				"header": [],
				"body": {
					"mode": "raw",
					"raw": "{\r\n    \"loc\": \"{{loc}}\",\r\n    \"ct\": \"{{ct}}\"\r\n}",
					"options": {
						"raw": {
							"language": "json"
						}
					}
				},
				"url": {
					"raw": "http://127.0.0.1:5000/fill-feat",
					"protocol": "http",
					"host": [
						"127",
						"0",
						"0",
						"1"
					],
					"port": "5000",
					"path": [
						"fill-feat"
					]
				}
			},
			"response": []
		},
		{
			"name": "fill-comp-style",
			"request": {
				"method": "POST",
				"header": [],
				"body": {
					"mode": "raw",
					"raw": "{\r\n    \"loc\": \"{{loc}}\",\r\n    \"ct\": \"{{ct}}\"\r\n}",
					"options": {
						"raw": {
							"language": "json"
						}
					}
				},
				"url": {
					"raw": "http://127.0.0.1:5000/fill-comp-style",
					"protocol": "http",
					"host": [
						"127",
						"0",
						"0",
						"1"
					],
					"port": "5000",
					"path": [
						"fill-comp-style"
					]
				}
			},
			"response": []
		}
	]
}