<?xml version="1.0"?>
<catalog>
    <book id="bk101">
        <author id="bk101" id1="bk101">Gambardella

            Matthewsad <sak>hilloe</sak> hi1212</author>
        <title>XML Developer's Guide</title>
        <genre>Computer</genre>
        <price>44.95</price>
        <publish_date>2000-10-01</publish_date>
        <description>An in-depth look at creating applications
            with XML.
        </description>
    </book>
    <book id="bk102">
        <note id="502">
            <to>Jani</to>
            <from>Tove</from>
            <heading>Re: Reminder</heading>
            <body>I will not</body>
        </note>
    </book>
    <book id="bk103">
        <author id1="bk101">Corets, Eva</author>
        <title>Maeve Ascendant</title>
        <genre>Fantasy</genre>
        <price>5.95</price>
        <publish_date>2000-11-17</publish_date>
        <description>After the collapse of a nanotechnology
            society in England, the young survivors lay the
            foundation for a new society.
        </description>
    </book>
</catalog>